course_code,overlap_courses,overlap_codes,confidences
Studiegids — Study Guide _ Systems Security,"['Introduction to Programming', 'Design of Systems for Digital Transformation', 'Software Development in Teams - Project', 'Computer Security', 'Wireless Networks and Applications - System Design and Performance', 'Web Security', 'Usability Evaluation', 'Cryptography', 'Information Theory', 'Secure Systems Engineering', 'Advanced Web Security', 'Computer Architecture', 'Privacy Technologies', 'Operating Systems', 'Computer Organization / Datorteknik', 'Program Analysis', 'Real-Time Systems']","['EDAB05', 'EITA66', 'EDAF45', 'EITA25', 'ETSN11', 'EITF06', 'MAMF50', 'EDIN01', 'EITN45', 'EITP20', 'EITN41', 'EITF20', 'EITP55', 'EDAF35', 'EITF70', 'EDAP15', 'FRTN01']","[0.6906885578612028, 0.5874504430724671, 0.5041341904503935, 0.809760226835801, 0.5206423826796204, 0.7659671814099069, 0.5297916315876033, 0.788800965084503, 0.6385318267764701, 0.7415363065467825, 0.8335224368169974, 0.7704070885360171, 0.8177405373824359, 0.7743868448506946, 0.7921126875781571, 0.7181719122334899, 0.5270173375465685]"
Studiegids — Study Guide _ Smart Phone Sensing,"['Advanced Interaction Design', 'Modern Wireless Systems - 5G and Beyond']","['MAMN01', 'EITP30']","[0.6706491443794279, 0.6924825565565522]"
Studiegids — Study Guide _ Research in Cyber Security – Hacking Lab,"['Design of Systems for Digital Transformation', 'Computer Security', 'Web Security', 'Cryptography', 'Secure Systems Engineering', 'People, Technology, Organization and Risk Management', 'Advanced Web Security', 'Privacy Technologies', 'Computer Organization / Datorteknik', 'Technology Supported Communication']","['EITA66', 'EITA25', 'EITF06', 'EDIN01', 'EITP20', 'MAMN45', 'EITN41', 'EITP55', 'EITF70', 'EXTG45']","[0.5136467262850902, 0.7631320617841417, 0.7542397015520842, 0.7678636789574937, 0.8347366682466935, 0.6136989617206209, 0.8632130392006847, 0.7673489845567814, 0.6795459201858695, 0.5354184884837596]"
Studiegids — Study Guide _ Error Correcting Codes,"['Geospatial Data Structures, Programming and Analysis', 'Digital Communications']","['EXTG80', 'EITG05']","[0.5317033230230195, 0.6725791971746036]"
Studiegids — Study Guide _ Distributed Data Systems,"['Communication Systems', 'Wireless Networks and Applications - System Design and Performance', 'Information Theory', 'Internet Inside', 'Network Dynamics', 'Signal Processing and Modeling for Wireless Communications', 'Secure Systems Engineering', 'Language Technology', 'Cloud Computing', 'Algorithms, Data Structures and Complexity', 'Computer Architecture', 'Privacy Technologies', 'Operating Systems', 'Computer Organization / Datorteknik', 'Distributed Systems', 'Numerical Analysis', 'Real-Time Systems']","['EITA55', 'ETSN11', 'EITN45', 'EITN30', 'FRTN30', 'EITP65', 'EITP20', 'EDAN20', 'FRTN90', 'EDAF05', 'EITF20', 'EITP55', 'EDAF35', 'EITF70', 'EDAP25', 'FMNF05', 'FRTN01']","[0.7835858137289429, 0.8236742105615795, 0.7870171767530587, 0.739970509494069, 0.5830514667377367, 0.5086361671352805, 0.6398206787096827, 0.5869661832927097, 0.7930652780233975, 0.5244924274038871, 0.5675691933122758, 0.5338243457584937, 0.7273962547576454, 0.7301635838776364, 0.7889145759836003, 0.6232945988630874, 0.5499089656608881]"
University of California Santa Cruz - CSE160,[],[],[]
University of California Santa Cruz - SPAN1,[],[],[]
University of California Santa Cruz - CMPM203,[],[],[]
University of California Santa Cruz - CMPM290K,[],[],[]
University of California Santa Cruz - CSE80A,[],[],[]
University of California Santa Cruz - CSE163,[],[],[]
University of California Santa Cruz - CSE185E,[],[],[]
University of California Santa Cruz - CMPM177,[],[],[]
University of California Santa Cruz - CSE160,[],[],[]
University of California Santa Cruz - CSE103,[],[],[]
University of California Santa Cruz - CSE144,[],[],[]
University of California Santa Cruz - ITAL2,[],[],[]
University of California Santa Cruz - CSE140,[],[],[]
University of California Santa Cruz - CSE118,[],[],[]
University of California Santa Cruz - HAVC143E,[],[],[]
Courses _ Patterns in Software Engineering (IN2081) - TUMonline - Technische Universität München,"['Introduction to Programming', 'Programming - Second Course', 'Cognition and Interaction Design', 'Object-oriented Modelling and Design', 'Interaction Design, Process Course', 'Software Development in Teams - Project', 'Agile Software Development - Project', 'Computer Graphics', 'Interaction 1: Neuro Modelling, Cognitive Robotics and Agents', 'Interaction 2: Virtuality and Cognitive Modelling', 'Software Testing', 'Requirements Engineering', 'Secure Systems Engineering', 'Data-driven Health', 'Applied Machine Learning', 'Compilers', 'Efficient C', 'C++ Programming', 'Algorithms, Data Structures and Complexity', 'Functional Programming', 'Computer Architecture', 'Algebraic Structures', 'Operating Systems', 'Modelling and Learning from Data', 'Discrete Mathematics', 'Computer Organization / Datorteknik', 'Project Course in Signal Processing – from Idea to App', 'Biomedical Signal Processing']","['EDAB05', 'EDAA01', 'MAMA20', 'EDAF60', 'MAMF60', 'EDAF45', 'EDAG05', 'EDAF80', 'MAMN10', 'MAMN15', 'ETSN20', 'ETSN15', 'EITP20', 'BMEN35', 'EDAN96', 'EDAN65', 'EDAG01', 'EDAF50', 'EDAF05', 'EDAN40', 'EITF20', 'FMAN10', 'EDAF35', 'FRTN65', 'FMAB75', 'EITF70', 'BMEN20', 'BMEN01']","[0.6074170761192867, 0.6735857001644718, 0.6361077129187966, 0.7760743305696366, 0.5756522978419195, 0.5154108572957663, 0.6570298361339878, 0.5811185611660868, 0.5592287355098489, 0.5824953624511449, 0.6946941093994277, 0.6797806178481457, 0.6553840018157042, 0.5251155935723016, 0.6330317021566427, 0.737054095002315, 0.6300034018816026, 0.5072136908277597, 0.5940931737540224, 0.648024571079388, 0.5559034848985789, 0.6006700283106943, 0.6672193799527811, 0.6284523547635561, 0.5015900470859319, 0.6262970251029855, 0.6099105088877623, 0.5341817361634155]"
"Courses _ Real-Time Systems, Exercise Session (IN2060) - TUMonline - Technische Universität München",[],[],[]
Courses _ Techniques in Artificial Intelligence (IN2062) - TUMonline - Technische Universität München,"['Scientific Theory for Engineers', 'Intelligent Autonomous Systems', 'Applied Machine Learning', 'Machine Learning', 'Artificial Intelligence', 'Service Robotics', 'Markov Processes', 'Optimum and Adaptive Signal Processing', 'Modelling and Learning from Data', 'Optimization']","['EDAG10', 'EDAP20', 'EDAN96', 'FMAN45', 'EDAP01', 'TNSN01', 'FMSF15', 'EITN60', 'FRTN65', 'FMAN61']","[0.5080588092928933, 0.537937890406615, 0.5989813684384642, 0.5023927666735832, 0.517168519185341, 0.5000920102520964, 0.5859788128005017, 0.5135538417987949, 0.5269296727316004, 0.5046658622745812]"
"Courses _ Visual Data Analytics (IN2026, IN8019) - TUMonline - Technische Universität München","['Software Development in Teams - Project', 'Geospatial Data Structures, Programming and Analysis', 'Information Theory', 'Applied Machine Learning', 'Machine Learning', 'Computer Architecture', 'Modelling and Learning from Data', 'High Performance Computer Graphics', 'Numerical Analysis', 'Project Course in Signal Processing – from Idea to App', 'Signal Processing in Multimedia']","['EDAF45', 'EXTG80', 'EITN45', 'EDAN96', 'FMAN45', 'EITF20', 'FRTN65', 'EDAN35', 'FMNF05', 'BMEN20', 'EITA50']","[0.5231701503150362, 0.6919729180891204, 0.5584015750235684, 0.6077328849057558, 0.5301279772739594, 0.5063347222273252, 0.7900748550583087, 0.7188934983667764, 0.6429922960671193, 0.5999035562703459, 0.5082852311879479]"
"Courses _ Master-Seminar_ Cloud Computing (IN2107, IN4960) - TUMonline - Technische Universität München",[],[],[]
Courses _ Patterns in Software Engineering (IN2081) - TUMonline - Technische Universität München,"['Introduction to Programming', 'Programming - Second Course', 'Cognition and Interaction Design', 'Object-oriented Modelling and Design', 'Interaction Design, Process Course', 'Software Development in Teams - Project', 'Agile Software Development - Project', 'Computer Graphics', 'Interaction 1: Neuro Modelling, Cognitive Robotics and Agents', 'Interaction 2: Virtuality and Cognitive Modelling', 'Software Testing', 'Requirements Engineering', 'Secure Systems Engineering', 'Data-driven Health', 'Applied Machine Learning', 'Compilers', 'Efficient C', 'C++ Programming', 'Algorithms, Data Structures and Complexity', 'Functional Programming', 'Computer Architecture', 'Algebraic Structures', 'Operating Systems', 'Modelling and Learning from Data', 'Discrete Mathematics', 'Computer Organization / Datorteknik', 'Project Course in Signal Processing – from Idea to App', 'Biomedical Signal Processing']","['EDAB05', 'EDAA01', 'MAMA20', 'EDAF60', 'MAMF60', 'EDAF45', 'EDAG05', 'EDAF80', 'MAMN10', 'MAMN15', 'ETSN20', 'ETSN15', 'EITP20', 'BMEN35', 'EDAN96', 'EDAN65', 'EDAG01', 'EDAF50', 'EDAF05', 'EDAN40', 'EITF20', 'FMAN10', 'EDAF35', 'FRTN65', 'FMAB75', 'EITF70', 'BMEN20', 'BMEN01']","[0.6074170761192867, 0.6735857001644718, 0.6361077129187966, 0.7760743305696366, 0.5756522978419195, 0.5154108572957662, 0.6570298361339878, 0.5811185611660868, 0.559228735509849, 0.5824953624511451, 0.6946941093994276, 0.6797806178481457, 0.6553840018157042, 0.5251155935723016, 0.6330317021566427, 0.737054095002315, 0.6300034018816026, 0.5072136908277597, 0.5940931737540224, 0.6480245710793882, 0.5559034848985787, 0.6006700283106943, 0.6672193799527811, 0.6284523547635561, 0.5015900470859319, 0.6262970251029855, 0.6099105088877623, 0.5341817361634155]"
Courses _ Business Analytics (IN2028) - TUMonline - Technische Universität München,[],[],[]
"Courses _ Visual Data Analytics (IN2026, IN8019) - TUMonline - Technische Universität München","['Software Development in Teams - Project', 'Geospatial Data Structures, Programming and Analysis', 'Information Theory', 'Applied Machine Learning', 'Machine Learning', 'Computer Architecture', 'Modelling and Learning from Data', 'High Performance Computer Graphics', 'Numerical Analysis', 'Project Course in Signal Processing – from Idea to App', 'Signal Processing in Multimedia']","['EDAF45', 'EXTG80', 'EITN45', 'EDAN96', 'FMAN45', 'EITF20', 'FRTN65', 'EDAN35', 'FMNF05', 'BMEN20', 'EITA50']","[0.5231701503150362, 0.6919729180891204, 0.5584015750235684, 0.6077328849057558, 0.5301279772739594, 0.5063347222273252, 0.7900748550583088, 0.7188934983667765, 0.6429922960671193, 0.5999035562703461, 0.5082852311879479]"
"Courses _ Practical Course - Hands-on Deep Learning for Computer Vision and Biomedicine (IN0012, IN2106, IN4204) - TUMonline - Technische Universität München","['Linear Algebra with Numerical Applications', 'Applied Mathematics - Linear systems', 'Mathematics - Systems and Transforms', 'Information Theory', 'Signal Processing and Modeling for Wireless Communications', 'Data-driven Health', 'Applied Machine Learning', 'Machine Learning', 'Artificial Intelligence', 'Advanced Applied Machine Learning', 'Markov Processes', 'Mathematics - Analytic Functions', 'Modelling and Learning from Data', 'Introduction to Artificial Neural Networks and Deep Learning', 'Computer Vision', 'Learning-Based Control', 'Biomedical Signal Processing']","['FMAA21', 'FMAF10', 'FMAF05', 'EITN45', 'EITP65', 'BMEN35', 'EDAN96', 'FMAN45', 'EDAP01', 'EDAP30', 'FMSF15', 'FMAF01', 'FRTN65', 'EXTQ41', 'FMAN95', 'FRTN75', 'BMEN01']","[0.5065218364290281, 0.5833211866778284, 0.5901742878385663, 0.6423679125371154, 0.5222335543435201, 0.7749074273027217, 0.6540424032296434, 0.7889803820553085, 0.6032602169508148, 0.6874539650321987, 0.5016896074077708, 0.5602797394063974, 0.8250883504817302, 0.7879719868464373, 0.699166400026983, 0.6375587320677265, 0.7666581457070676]"
